https://i.iheart.com/v3/re/new_assets/5dade008acebb644678ae7f9?ops=contain(740,0)
https://upload.wikimedia.org/wikipedia/commons/9/9a/Shakira_in_Toronto_2018.png
https://www.shakira.com/uploaded/home_banner/47ced7e9ccf86af8dcd6ba4ca733dce4.png
https://i.ytimg.com/vi/pRpeEdMmmQ0/maxresdefault.jpg
https://www.biography.com/.image/t_share/MTE5NDg0MDU0NzExNDA0MDQ3/shakira-189151-1-402.jpg
https://www.billboard.com/files/styles/article_main_image/public/media/shakira-ap-portrait-may-2017-billboard-1548.jpg
https://ksassets.timeincuk.net/wp/uploads/sites/55/2019/10/Shakira-and-Billie-Joe-Armstrong--920x589.jpg
https://i.ytimg.com/vi/7-7knsP2n5w/maxresdefault.jpg
https://static01.nyt.com/images/2017/05/27/arts/27SHAKIRA/27SHAKIRA-jumbo.jpg
https://www.etonline.com/sites/default/files/styles/max_970x546/public/images/2018-06/shakira_gettyimages-971720370.jpg?itok=SKoboaHC&h=b2facf0a
https://i.ytimg.com/vi/XAhTt60W7qo/maxresdefault.jpg
https://www.rollingstone.com/wp-content/uploads/2018/06/shakira-new-song-clandestino-e55e8210-e7ac-44cf-b8b9-03ff950d58e7.jpg
https://media.self.com/photos/5abd562dba148b0f519deaa3/4:3/w_728,c_limit/shakira.jpg
https://us.hola.com/imagenes/celebrities/2019101829303/shakira-new-cover-basket-case-video/0-212-522/shakira-colombina-superstar-m.jpg?filter=w400
https://us.hola.com/imagenes/celebrities/2019100228706/shakira-look-alike-shakibecca/0-209-288/shakira-look-alike-m.jpg?filter=w400
https://www.billboard.com/files/styles/article_main_image/public/media/shakira-El-Dorado-2017-may-billboard-1548.jpg
https://upload.wikimedia.org/wikipedia/commons/7/79/Shakira_2014.jpg
https://cdn1.thr.com/sites/default/files/imagecache/landscape_928x523/2019/03/gettyimages-1138595454-h_2019.jpg
http://cdn.24.co.za/files/Cms/General/d/5426/fcef9385a5f74c7e91bbf318541caf5a.jpg
https://nyppagesix.files.wordpress.com/2018/01/gettyimages-688919236.jpg?quality=90&strip=all&w=618&h=410&crop=1
https://www.elnacional.cat/en/uploads/s1/21/64/02/3/Shakira_wikimedia_1_630x630.jpg
https://lookaside.fbsbx.com/lookaside/crawler/media/?media_id=319352041531956
https://all-noise.co.uk/wp-content/uploads/2018/11/Shakira_Nada.jpg
https://i.ytimg.com/vi/weRHyjj34ZE/maxresdefault.jpg
https://gazettereview.com/wp-content/uploads/2016/09/Shakira.jpg
https://www.cheatsheet.com/wp-content/uploads/2019/10/Shakira-1024x690.jpg
http://www.sapcenter.com/assets/img/Artist-Image-Shakira-2-a7e9c50b3d.jpg
https://www.liveabout.com/thmb/fGg2jbhFBB4tRmPK3r56sdaT10I=/768x0/filters:no_upscale():max_bytes(150000):strip_icc()/shakira-5862f77a3df78ce2c395be9c.jpg
https://i.guim.co.uk/img/media/4c813a269ba44d0809e63b8f11a302d77192937e/26_181_1243_745/master/1243.jpg?width=300&quality=85&auto=format&fit=max&s=99ed1c7c59299a3e37821a8a037b9f79
https://us.hola.com/imagenes/celebrities/2019092428378/shakira-el-dorado-tour-fender-guitar/0-206-852/Shakira-shares-her-favorite-Fender-m.jpg?filter=w400
https://i.pinimg.com/originals/32/1b/1b/321b1b5fe7df36285308cde020a35f4b.jpg
https://ca-times.brightspotcdn.com/dims4/default/df92632/2147483647/strip/true/crop/2047x1151+0+0/resize/840x472!/quality/90/?url=https%3A%2F%2Fca-times.brightspotcdn.com%2F48%2F58%2Fab70db623687dcc630994dbc4149%2Fla-1544805188-0lsro2zod5-snap-image
https://vignette.wikia.nocookie.net/shakira/images/d/d0/Shakira.jpg/revision/latest?cb=20190925132128
https://static.stereogum.com/uploads/2019/10/Shakira-1571668403-640x407.jpg
https://rodrigootazu.com/media/mgs_blog/s/h/shakira_1.jpg
https://lookaside.fbsbx.com/lookaside/crawler/media/?media_id=323888757706709
https://i0.heartyhosting.com/radaronline.com/wp-content/uploads/2018/02/Shakira-Pay-Spanish-Government-Tax-Fraud-pp.jpg?resize=792%2C446&ssl=1
https://www.billboard.com/files/styles/768x433/public/media/12-shakira-ar-bb11-2018-sopam-po98-billboard-1548.jpg
https://i.scdn.co/image/5a8d19c199d9c097600cafefdb967ab0bbdd8c3b
https://static01.nyt.com/images/2017/05/27/arts/27SHAKIRA/27SHAKIRA-facebookJumbo.jpg
https://media1.popsugar-assets.com/files/thumbor/TUH_hyyd-tr7XCvW9L01qFwSmMk/fit-in/500x500/filters:format_auto-!!-:strip_icc-!!-/2018/07/16/745/n/1922398/dfecdc055b4ccd81b65c16.75320150_/i/Shakira.jpg
https://miro.medium.com/max/2870/1*xXS4Uq6wzhUKrC6xvImuFg.png
https://cdn1.thr.com/sites/default/files/imagecache/landscape_928x523/2017/11/shakira.jpg
https://i0.wp.com/metro.co.uk/wp-content/uploads/2019/06/SEI_72555309.jpg?quality=90&strip=all&zoom=1&resize=644%2C433&ssl=1
https://akns-images.eonline.com/eol_images/Entire_Site/20181114/rs_634x1024-181214131921-634x1024-shakira-gj-12-14-18.jpg?fit=inside|900:auto&output-quality=90
https://us.hola.com/imagenes/celebrities/2019091928208/shakira-new-look-new-film/0-205-585/shakira-new-look-hairstyle-m.jpg?filter=w400
https://pbs.twimg.com/profile_images/1164571595840659456/VKjzNw1a_400x400.jpg
https://media.dhakatribune.com/uploads/2019/02/web-shakira-1551280879577.jpg
https://s.yimg.com/uu/api/res/1.2/xiRFLdrHGoevAXaDlm9Cjg--~B/aD02ODE7dz0xMDI0O3NtPTE7YXBwaWQ9eXRhY2h5b24-/http://media.zenfs.com/en_us/News/afp.com/0c39532c091f4d7fc48805d9ab456aa749621062.jpg
https://www.peoplemagazine.co.za/app/uploads/2019/06/a7f2309842df41192ea9146c3f14bdae.jpg
https://media2.fdncms.com/sacurrent/imager/u/original/8261101/shakira.jpg
https://redarrowstudios.com/app/uploads/shakirahoffman-website-1170x658.jpg
https://www.tennisworldusa.org/imgb/83551/pique-and-shakira-won-t-attend-rafael-nadal-s-wedding-spain-s-king-will.jpg
https://media3.s-nbcnews.com/j/newscms/2018_50/2683981/181214-shakira-cs-350p_3108ac7f91845d366fddfa52f3b780ab.fit-760w.jpg
https://i.guim.co.uk/img/media/7b65d8029ea20948c3ecc6f6b3ba3e054d68b861/1904_303_1580_948/master/1580.jpg?width=300&quality=85&auto=format&fit=max&s=22a54f875a22bc1c68ad30110578979a
https://peopledotcom.files.wordpress.com/2018/01/shakira-tout.jpeg?w=1992&h=3000
http://www.talkingstickresortarena.com/assets/img/Shakira-680x400-08c4a5f0d0.jpg
https://lookaside.fbsbx.com/lookaside/crawler/media/?media_id=712897752094294
https://thumbor.forbes.com/thumbor/960x0/https%3A%2F%2Fspecials-images.forbesimg.com%2Fdam%2Fimageserve%2F513402042%2F960x0.jpg%3Ffit%3Dscale
https://img.etimg.com/thumb/msid-49162765,width-643,imgsize-341084,resizemode-4/shakira-launching-parenting-app.jpg
https://i1.wp.com/metro.co.uk/wp-content/uploads/2016/05/gettyimages-507157974-e1505832486135.jpg?quality=90&strip=all&zoom=1&resize=644%2C450&ssl=1
https://images.clarin.com/2017/12/05/H1O7vSV-G_1256x620.jpg
https://www.dailynews.com/wp-content/uploads/2018/08/0830_FEA_LDN-L-SHAKIRA161.jpg?w=620
https://specials-images.forbesimg.com/imageserve/1173036772/960x0.jpg?fit=scale
https://pmchollywoodlife.files.wordpress.com/2019/06/shakira-bikini-ftr.jpg?w=620
https://a57.foxnews.com/media2.foxnews.com/BrightCove/694940094001/2019/10/04/931/524/694940094001_6092273801001_6092275120001-vs.jpg?ve=1&tl=1
https://i1.sndcdn.com/avatars-000073417756-p0etn9-t500x500.jpg
https://pbs.twimg.com/profile_images/1089182658649821184/xwaVr0hi_400x400.jpg
https://media.metrolatam.com/2019/08/21/shakirapublinews-ade9b4f456045b94e3ec61d86a854b2d-900x600.jpg
https://us.hola.com/imagenes/celebrities/2019020116528/shakira-hairstyle-new-look/0-115-256/shakira-short-hair-m.jpg?filter=w400
https://ir0.mobify.com/project-unicef-3/788/https://ir0.mobify.com/project-unicef-3/788/https://www.unicef.org/media/images/SHAKIRA_002.jpg
https://static.independent.co.uk/s3fs-public/thumbnails/image/2015/09/23/17/web-shakira-rex.jpg?w968h681
https://m.media-amazon.com/images/M/MV5BZjk1MGY0OWQtYTQyYy00ZmZlLTgzZWEtY2YwNjc5MjZhMjJiXkEyXkFqcGdeQXVyNDQ5MDYzMTk@._V1_UY268_CR62,0,182,268_AL_.jpg
https://i.ytimg.com/vi/sPTn0QEhxds/maxresdefault.jpg
https://upload.wikimedia.org/wikipedia/commons/4/40/Usher_and_Shakira_at_the_Obama_inauguration%2C_2009_%28cropped1%29.jpg
https://i.dailymail.co.uk/i/newpix/2018/09/06/17/049CE429000007D0-6139799-image-a-22_1536251616179.jpg
https://www.biography.com/.image/t_share/MTQ1MTQxMTE1MTAyNzAwOTUy/shakira---mini-biography.jpg
https://www.hellomagazine.com/imagenes/healthandbeauty/hair/2017073141088/shakira-dyes-hair-red-instagram/0-214-96/shakira-t.jpg
https://skippedonshuffle.com/wp-content/uploads/2018/11/shakira.jpg
https://hips.hearstapps.com/ell.h-cdn.co/assets/cm/15/02/768x384/54ac3fdfe64bf_-_elle-02-july-cover-story-shakira-0713-xln-xln.jpg?resize=480:*
https://imagenes.canalrcn.com/lomaslike/shakira-realiza-cover-basket-case-green-day.jpg
https://timedotcom.files.wordpress.com/2015/09/shakira1.jpg
https://a57.foxnews.com/a57.foxnews.com/static.foxnews.com/foxnews.com/content/uploads/2018/09/640/320/1862/1048/7999e158-494033425.jpg?ve=1&tl=1?ve=1&tl=1
https://peopledotcom.files.wordpress.com/2017/09/gettyimages-487215930.jpg
https://i.dailymail.co.uk/i/newpix/2018/08/31/05/4F8CE37400000578-6117065-Looking_good_Shakira_revealed_she_was_feeling_much_much_better_a-a-17_1535688560266.jpg
https://images-na.ssl-images-amazon.com/images/I/C1rEjjIQrvS._CR0,0,3840,2880_._SL1000_.jpg
https://www.telegraph.co.uk/content/dam/news/2018/12/14/TELEMMGLPICT000166113645_trans_NvBQzQNjv4BqqVzuuqpFlyLIwiB6NTmJwRKYbdoX1SBJ-eeqYyc1AcE.jpeg?imwidth=450
https://akns-images.eonline.com/eol_images/Entire_Site/201956/rs_634x1024-190606073458-634x1024-shakira-gj-6-6-19.jpg?fit=inside|900:auto&output-quality=90
https://www.grammy.com/sites/com/files/styles/image_landscape_hero/public/shakira_hero_132016144.jpg?itok=atSFTBep
https://www.hellomagazine.com/imagenes/healthandbeauty/mother-and-baby/2014082819949/shakira-pregnant-baby-second-child/0-107-92/shakira--z.jpg
https://community.breatheheavy.com/wp-content/uploads/2019/10/shakira-green-day-basket-case-1024x399.jpg
https://img.etimg.com/thumb/msid-68181709,width-643,imgsize-225592,resizemode-4/shakira.jpg
https://media.stubhubstatic.com/stubhub-product/d_defaultLogo.jpg/t_FACE-FACES-NOFACE/q_auto:low,f_auto,c_fill,dpr_2.0,w_750,h_416/st/2TYAAOSwrzhbGXyp/s-l600.jpg
https://i.ytimg.com/vi/DUT5rEU6pqM/maxresdefault.jpg
https://i.guim.co.uk/img/media/2058614923ab3e56fa71e47dee35bc69bdfd9bd8/0_213_2334_1400/master/2334.jpg?width=300&quality=85&auto=format&fit=max&s=e1ea3df358764e5f4dce4e1b99e684f0
http://c3.thejournal.ie/media/2012/09/shakira-pregnant-310x415.jpg
https://static.independent.co.uk/s3fs-public/thumbnails/image/2016/02/18/08/shakira.jpg?w968h681
https://ep01.epimg.net/elpais/imagenes/2018/12/14/gente/1544788013_211862_1544788428_noticia_normal.jpg
https://imagevars.gulfnews.com/2019/03/28/tab-Shakira-1553754165798_16a30b3eef8_large.jpg
https://farmweek.com/wp-content/uploads/2019/03/2.42000122.jpg
https://s.abcnews.com/images/GMA/shakira-perform-file-gty-jef-190926_hpEmbed_3x2_992.jpg
https://ichef.bbci.co.uk/news/660/cpsprodpb/0E4D/production/_107216630_72649533-1226-46ef-9466-2b2ca2891afc.jpg
https://nyppagesix.files.wordpress.com/2018/12/shakira.jpg?quality=90&strip=all&w=618&h=410&crop=1
https://cdn.cnn.com/cnnnext/dam/assets/190926161604-jennifer-lopez-shakira-split-exlarge-169.jpg
http://cdn.24.co.za/files/Cms/General/d/9347/7d645360d22a46f3964091d60c6a19be.jpg
https://img.jakpost.net/c/2017/12/28/2017_12_28_38030_1514429460._large.jpg
https://www.thefamouspeople.com/profiles/images/shakira-4.jpg
https://media.pri.org/s3fs-public/styles/story_main/public/shakira-morocco-mawazine-concert-2011-6-3.jpg?itok=uxEhVEct
https://i.axs.com/2018/07/57409-image_5b5b45bae2732.jpg
https://www.shakira.com/uploaded/news/thumbs/04ded9cd4d5fe68802068a313f0f00c6.jpg
https://www.etonline.com/sites/default/files/styles/max_970x546/public/images/2017-11/shakira_492065783.jpg?itok=LBH_lg5p&h=1e290e01
https://www.myagecalculator.com/images/shakira.jpg
https://ca-times.brightspotcdn.com/dims4/default/d157428/2147483647/strip/true/crop/2047x1152+0+0/resize/840x473!/quality/90/?url=https%3A%2F%2Fca-times.brightspotcdn.com%2F5c%2F57%2F004f23e28a5c2f08111dc87c0f4e%2Fla-1535561496-k9tpk1gwbr-snap-image
https://i.ndtvimg.com/i/2014-09/shakira_625x300_71410334800.jpg
https://www.officialcharts.com/media/318642/shakira_2014.jpg?width=796&mode=stretch
https://bdsmovement.net/sites/default/files/shakira_0.jpg
https://i.ytimg.com/vi/SHq2qrFUlGY/maxresdefault.jpg
https://rocnation.com/wp-content/uploads/2013/07/shaksmile1000.jpg
https://www.rollingstone.com/wp-content/uploads/2018/06/shakira-plans-el-dorado-tour-2017-read-dates-2-46bfba50-c097-4b93-b5be-091d5b506504.jpg?resize=900,600&w=450
https://www.liveabout.com/thmb/rWFkyhXJA7e5-G6m4yV7aHtE51A=/768x0/filters:no_upscale():max_bytes(150000):strip_icc()/montreal-january-2018-events-attractions-things-to-do-concerts-shakira-alexander-tamargo-getty-5993847e519de20010e49b66.jpg
https://img.vixdata.io/pd/jpg-large/en/sites/default/files/s/shakira-pique-relationship-goals.png
https://peopledotcom.files.wordpress.com/2017/11/shakira.jpeg
https://a57.foxnews.com/a57.foxnews.com/static.foxnews.com/foxnews.com/content/uploads/2018/09/640/320/1862/1048/shakira-reuters.jpg?ve=1&tl=1?ve=1&tl=1
https://i1.wp.com/emirateswoman.com/wp-content/uploads/2018/07/shakira-header.png?w=860&crop=0,0,100,430px
https://www.straitstimes.com/sites/default/files/styles/article_pictrure_780x520_/public/articles/2019/05/17/ak_sh_1705.jpg?itok=qrg_zdJz&timestamp=1558060074
https://ichef.bbci.co.uk/news/624/cpsprodpb/DA88/production/_101944955_mediaitem101942548.jpg
https://aldianews.com/sites/default/files/styles/article_image/public/articles/shakira.jpg?itok=e_BP2PUc
https://dmn-dallas-news-prod.cdn.arcpublishing.com/resizer//UYSm1kQb1TNrQh_cAjzO1_4Q4oc=/1660x934/smart/filters:no_upscale()/arc-anglerfish-arc2-prod-dmn.s3.amazonaws.com/public/DQWYG5KHODINYA2B3TQYPVQ4AU.jpg
https://media.glamour.com/photos/5d8d1d131e09e7000913cea8/master/pass/jlo-shakira.jpg
https://cms-live.pandora.net/resource/responsive-image/460450/spot-landscape/xs/1/shakira-mobile-1-.jpg
https://files.list.co.uk/images/2019/10/16/4626027dc62518433fab97a7f5d45e426eaa420f.jpg
https://www.show.news/__export/1568487031271/sites/debate/img/2019/09/14/shak_x1x_crop1568486976442.jpg_943222218.jpg
https://www.thextraordinary.org/media/k2/items/cache/47e29f9fe96a1771642fb05ac8a8fd00_XL.jpg
https://www.wirewag.com/wp-content/uploads/2019/03/Shakira-denies-plagiarism-Cuban-number.jpg
https://www.gannett-cdn.com/-mm-/660f70861c4b13fa8cfcb61e712ea18c772e6a71/c=316-0-5253-3712/local/-/media/2018/01/24/USATODAY/USATODAY/636523876722306287-AFP-AFP-K17E8.jpg?width=534&height=401&fit=crop
https://cdni0.trtworld.com/w960/h540/q75/50720_ESP20190227SHAKIRATAXOFFENCESAP_1551238534750.jpg
https://cdn.britannica.com/63/145063-050-E3B8797E/Shakira-Colombian-Waka-song-concert-2010-FIFA-June-10-2010.jpg
https://pmchollywoodlife.files.wordpress.com/2019/09/wendy-williams-sharika-jennifer-lopez-ftr-1.jpg?w=620
https://i.guim.co.uk/img/media/40fff3a07377f9371b4499ff5171f070e5717b49/0_2548_3744_2246/master/3744.jpg?width=300&quality=85&auto=format&fit=max&s=2e97f38a9e907f07672f1b45f8c8b103
https://www.peacefuldumpling.com/wp-content/uploads/2017/10/shakira_workout2.png
http://cdn.24.co.za/files/Cms/General/d/8973/e248aac0865c4fdba50b10826ccf734c.jpg
https://shawetcanada.files.wordpress.com/2019/09/shutterstock_editorial_10169587b.jpg?quality=80&strip=all&w=450&h=300&crop=1
https://larepublica.pe/resizer/Gunvu6F9pcuwdQYz36TaWckDm00=/538x0/top/larepublica.pe/resizer/d_3xtHrozft2MZw8M125y8859sY=/538x0/top/smart/arc-anglerfish-arc2-prod-gruporepublica.s3.amazonaws.com/public/4DHQM4XEORCMDCL6C3PCIV6LEM.jpg
https://s.abcnews.com/images/GMA/jlo-shakira-file-gty-jef-190926_hpMain_16x9_992.jpg
https://shawglobalnews.files.wordpress.com/2019/09/jlo-shakira.jpg?quality=70&strip=all&w=720
https://aldianews.com/sites/default/files/styles/article_image/public/articles/51776_1_1131_0.jpg?itok=F4NbNZFn
https://i.ytimg.com/vi/booKP974B0k/maxresdefault.jpg
https://www.byrdie.com/thmb/PPcsjdwfB_t0fLBNhUEU-wA4cfQ=/700x525/smart/filters:no_upscale()/cdn.cliqueinc.com__cache__posts__184823__shakira-ab-workout-184823-1455843933-main.700x0c-9fff6af18bc6455fa2dc571ea1157d23.jpg
https://www.telesurenglish.net/__export/1527608420355/sites/telesur/img/news/2018/05/29/bds_rejoices_as_shakira_will_not_perform_in_israel_in_july.jpg_1718483346.jpg
https://disfi.com/wp-content/uploads/2019/02/portada-shakira.jpg
https://aniportalimages.s3.amazonaws.com/media/details/shakira_16.jpg
https://www.shakira.com/uploaded/homepage/e0c3bd251169b4eb2a1b8bad3428a0a3.jpg
https://www.mydomaine.com/thmb/GTIqaO96MhwFjKddsTlWp3B0JHM=/700x700/filters:no_upscale():max_bytes(150000):strip_icc()/cdn.cliqueinc.com__cache__posts__259486__shakira-miami-home-tour-259486-1527879312724-main.700x0c-9231929ed33343618f727d0dd8de3a3a.jpg
https://cdn.smehost.net/rcarecordscom-usrcaprod/wp-content/uploads/2013/05/SHAK-KJ05_070_113-2-1024x767.jpg
https://stealherstyle.net/wp-content/uploads/2018/06/shakira-hair-21-500x750.jpg
https://e3.365dm.com/17/12/768x432/skynews-shakira-singer-colombian_4193616.jpg?20171228151919
https://upload.wikimedia.org/wikipedia/commons/thumb/a/a9/Shakira_in_concert.jpg/170px-Shakira_in_concert.jpg
https://rec-end.elnuevodia.com/images/tn/460/0/1701/1079/900/789/2019/07/23/shakira.jpg
https://i2-prod.mirror.co.uk/incoming/article12772071.ece/ALTERNATES/s615/PAY-MAIN-Shakira.jpg
https://www.portugalresident.com/wp-content/uploads/bfi_thumb/shakira-32kmoivo5ug3vvt2z9udjbb03xaxu5rfhmgu4mc4r30eldhfi.jpg
https://assets.weforum.org/author/image/small_tWPROvOYBjSbaXx3v2lrEms9x966JYdHRdUNlBsQ3gQ.jpg
https://media.nbclosangeles.com/images/652*367/shakira-file-photo.jpg
https://news.harvard.edu/wp-content/uploads/2011/02/shakira-headshot2.jpg?w=605
https://assetsds.cdnedge.bluemix.net/sites/default/files/styles/big_5/public/feature/images/shakira4.jpg?itok=xnuTaPHy
https://www.billboard.com/files/media/shakira-jennifer-lopez-composite-2019-billboard-1548.jpg
https://belvoir.com.au/wp-content/uploads/2019/03/CLANTON-Shakira.jpg
https://www.grammy.com/sites/com/files/styles/news_detail_header/public/gettyimages-471331296.jpg?itok=SM-oZKsd
https://www.esquireme.com/sites/default/files/styles/full_img/public/images/2019/06/10/shakira.jpg?itok=-GdrIhF9
https://ewedit.files.wordpress.com/2016/01/shakira.jpg?w=612
https://www.famousbirthdays.com/faces/shakira-image.jpg
https://images.complex.com/complex/images/c_limit,dpr_auto,q_90,w_720/fl_lossy,pg_1/dwzzpfdhzeeylb0dirtt/shakira-shakira
https://img.vixdata.io/pd/jpg-large/en/sites/default/files/s/shakira-maluma-trap.png
https://e3.365dm.com/18/12/768x432/skynews-shakira-colombian-singer-shakira_4519093.jpg?20181214201034
https://vignette.wikia.nocookie.net/disney/images/d/d0/Shakira.jpg/revision/latest?cb=20190711203249
https://www.hellomagazine.com/imagenes/celebrities/2017081541584/shakira-cover-story-motherhood/0-215-411/shakira-1-t.jpg
https://media1.popsugar-assets.com/files/thumbor/lRj-L6dhGYn7Ktz3FiYoQa6xq7Q/fit-in/2048xorig/filters:format_auto-!!-:strip_icc-!!-/2018/01/26/945/n/1922729/tmp_CnkGvP_0900cf441d8cfeeb_GettyImages-688923580.jpg
http://thinkmagazines.com/wp-content/uploads/2017/09/d05ef456a33d5c6ee096f4534849f402.jpg
https://celebrityphonehacks.com/wp-content/uploads/2019/06/Shakira-real-phone-number-2019-hacked-celebrity-phone-numbers.jpg
https://www.thesun.co.uk/wp-content/uploads/2018/05/nintchdbpict000307686053.jpg
https://upload.wikimedia.org/wikipedia/commons/thumb/4/4c/Shakira_2011%2C_2.jpg/220px-Shakira_2011%2C_2.jpg
https://e.snmc.io/i/300/w/fd877e6ac38e77448873cc8bfe0c1f5e/2517755
https://www.famousbirthdays.com/headshots/shakira-8.jpg
https://ichef.bbci.co.uk/images/ic/960x540/p01bqp0s.jpg
http://promusicmagazine.com/wp-content/uploads/2014/11/Shakira-2014-Wallpaper.jpg
https://static.independent.co.uk/s3fs-public/thumbnails/image/2019/09/30/09/busbee.jpg
https://i.guim.co.uk/img/media/7a49c89e33f1e1752d37e5c8211c33214dc82765/584_309_4127_2476/master/4127.jpg?width=300&quality=85&auto=format&fit=max&s=d3b350fc93b64d56f802c565a8fac153
https://laverdadnoticias.com/__export/1568434681548/sites/laverdad/img/2019/09/13/shakira-collar_15_970x597_1.jpeg_793492074.jpeg
https://www.thelocal.es/userdata/images/article/0c4315a38e67b6914dc1d7348995e5bf0ea035777231163d74576b813e43fdf9.jpg
https://bowlyrics.b-cdn.net/wp-content/uploads/2017/10/shakira-beach-swimsuit2-min.jpg
https://d2lo9qrcc42lm4.cloudfront.net/Images/News/_contentLarge/Shakira-concert-2.jpg?mtime=20180608093628
https://www.aaarena.com/assets/img/1600_shakira_170627-32114706bf.jpg
https://akns-images.eonline.com/eol_images/Entire_Site/2017815/rs_600x600-170915110119-600.Shakira-Perro-Fiel.ms.091517.jpg?fit=around|700:700&crop=700:700;center,top&output-quality=90
https://www.simplemost.com/wp-content/uploads/2019/09/GettyImages-77582125-e1569591000827-750x500.jpg
https://assets-tt-com.nmo.at/images/2019/03/15481013.19258851.440c534e97ab54bf2d071c19b09cee2f.jpg
https://akm-img-a-in.tosshub.com/indiatoday/images/story/201405/shakira_storysize_650_052314054315.jpg
https://d994l96tlvogv.cloudfront.net/uploads/film/gallery/shakira-still-800x450-v2_624x355x1.jpg
https://vid.alarabiya.net/images/2018/07/13/e0773121-f68a-4100-9667-c2e203c0361a/e0773121-f68a-4100-9667-c2e203c0361a_16x9_788x442.jpg
https://open.http.mp.streamamg.com/p/3000707/sp/300070700/thumbnail/entry_id/0_l9k1y0o4/version/100000/acv/132/width/396/height/223
https://cdn1.thr.com/sites/default/files/imagecache/NFE_portrait/2011/11/shakira_a.jpg
https://s3-eu-west-1.amazonaws.com/nusdigital/image/images/149447/optimized/Shakira_640_x_400.jpg